{"base_files_url": "https://raw.githubusercontent.com/ajgowans/240p/904677b76026110fb76c7abdcaefa7fd0308f103/", "db_id": "ajgowans/240p", "db_url": "https://raw.githubusercontent.com/ajgowans/240p/db/db.json.zip", "files": {"|games/GAMEBOY/240p Test Suite/144pTestSuite.gb": {"hash": "8b14ca315495e8109768ee1bec9379c1", "size": 32768, "tags": [7, 16, 17, 18]}, "|games/GBA/240p Test Suite/160pTestSuite.gba": {"hash": "94d6536b885d27877bdb86229a41a477", "size": 61104, "tags": [10, 16, 17, 18]}, "|games/MegaCD/240p Test Suite/240pSuite_JP.cue": {"hash": "6eba79bf7b5420d54e2922a4589ad55a", "size": 285, "tags": [5, 16, 17, 18]}, "|games/MegaCD/240p Test Suite/240pSuite_USA.cue": {"hash": "82f2a0259315368fbd5e688245366d8f", "size": 286, "tags": [5, 16, 17, 18]}, "|games/Megadrive/240p Test Suite/240pSuite-1.26.bin": {"hash": "0363d8b4c5b4532f5a08c9d5f8413777", "size": 262144, "tags": [4, 16, 17, 18]}, "|games/NES/240p Test Suite/240pTestSuite.nes": {"hash": "06b44b6cbb2ecfca4325537ccb4d32a7", "size": 65552, "tags": [0, 16, 17, 18]}, "|games/S32X/240p Test Suite/240pSuite_32X_1.0.32x": {"hash": "2db9c9aeb705427b5a919a592fd9ef8f", "size": 1966080, "tags": [16, 17, 18, 19]}, "|games/SMS/240p Test Suite/SMSTestSuite.sms": {"hash": "b5c8f654cc2856f220e4a567066d594e", "size": 32768, "tags": [6, 16, 17, 18]}, "|games/TGFX16-CD/240pTestSuite-PCE_TG16-CDROM-latest.zip": {"hash": "11bc09b79a14c36d821cea0c9c2fd174", "size": 9288017, "tags": [3, 16, 18]}, "|games/TGFX16-CD/240pTestSuite-PCE_TG16-SuperCDROM-latest.zip": {"hash": "ad88367e08c9fdaa2c1b32e2a35a2077", "size": 9220622, "tags": [3, 16, 18]}, "|games/TGFX16/240p Test Suite/240pSuite.pce": {"hash": "6a700dff41dd303801042e7f05ce9130", "size": 262144, "tags": [2, 16, 17, 18]}}, "folders": {"|games": {"tags": [16]}, "|games/GAMEBOY": {"tags": [7, 16]}, "|games/GAMEBOY/240p Test Suite": {"tags": [7, 16, 18]}, "|games/GBA": {"tags": [10, 16]}, "|games/GBA/240p Test Suite": {"tags": [10, 16, 18]}, "|games/MegaCD": {"tags": [5, 16]}, "|games/MegaCD/240p Test Suite": {"tags": [5, 16, 18]}, "|games/Megadrive": {"tags": [4, 16]}, "|games/Megadrive/240p Test Suite": {"tags": [4, 16, 18]}, "|games/NES": {"tags": [0, 16]}, "|games/NES/240p Test Suite": {"tags": [0, 16, 18]}, "|games/S32X": {"tags": [16, 19]}, "|games/S32X/240p Test Suite": {"tags": [16, 18, 19]}, "|games/SMS": {"tags": [6, 16]}, "|games/SMS/240p Test Suite": {"tags": [6, 16, 18]}, "|games/TGFX16": {"tags": [2, 16]}, "|games/TGFX16-CD": {"tags": [3, 16]}, "|games/TGFX16/240p Test Suite": {"tags": [2, 16, 18]}}, "tag_dictionary": {"240ptestsuite": 17, "extrautilities": 18, "famicom": 0, "gameboy": 7, "gameboyadvance": 10, "games": 16, "gb": 7, "gba": 10, "genesis": 4, "mastersystem": 6, "megacd": 5, "megadrive": 4, "nes": 0, "nintendo": 0, "pcengine": 2, "pcenginecd": 3, "s32x": 19, "segacd": 5, "segamark3": 6, "sms": 6, "tgfx16": 2, "tgfx16cd": 3, "turbografx": 2, "turbografx16": 2, "turbografx16cd": 3, "turbografxcd": 3}, "timestamp": 1702337506}